episodes explore;steps explore;quality;success;path_ratio;steps;average translation speed;trajectory length;reward;best quality;best explore steps; ;lr;hidden_layers;embedder_nodes;embedder_layers;env_version;HEATUP_STEPS;EXPLORE_STEPS_BTW_EVAL;CONSECUTIVE_EXPLORE_EPISODES;BATCH_SIZE;UPDATE_PER_EXPLORE_STEP;replay_mode;per;per_alpha;per_beta_start;grad_clip;algo;awac_lambda;demo_priority_bonus;priority_mode;balanced_fraction
 ; ; ; ; ; ; ; ; ; ; ; ;0.0003;[256, 256];500;0;5;20000.0;250000.0;100;256;1.0;step;True;0.6;0.4;1.0;sac;3.0;0.0;td;0.3
0;0;0.929;0.929;0.0;447.49;3.62;244.455;4.96;0.9285714285714286;0
2300;257466;0.959;0.959;0.0;82.857;25.799;239.089;5.748;0.9591836734693877;257466
5500;503474;0.99;0.99;0.0;66.622;26.576;234.182;5.946;0.9897959183673469;503474
8800;755233;0.99;0.99;0.0;66.153;26.846;231.931;5.907;0.9897959183673469;503474
12100;1002078;1.0;1.0;0.0;59.908;27.304;227.656;5.968;1.0;1002078
15500;1255725;1.0;1.0;0.0;59.531;27.24;228.037;6.014;1.0;1002078
18800;1501133;1.0;1.0;0.0;61.612;27.282;229.782;5.991;1.0;1002078
22200;1751101;0.99;0.99;0.0;64.5;27.502;230.868;5.938;1.0;1002078
25600;2001807;0.99;0.99;0.0;68.653;27.025;232.671;5.919;1.0;1002078
