utc,update_step,explore_step,alpha,entropy_proxy,clamp_fraction,log_pi_std,log_pi_mean,q1_mean,q1_loss,policy_loss,grad_norm_policy,awac_weight_mean,awac_weight_max,awac_weight_saturation,target_q_mean,log_alpha,kl_to_warmstart,alpha_kl
07-12 02:25:20,1,0,0.9997000694274902,1.247014403343201,0.0,1.3659578561782837,-1.247014403343201,0.0013470211997628,0.0399351902306079,7.419629096984863,12.162972496508567,0.9999696016311646,1.0003918409347534,0.0,-0.0118786161765456,-0.0002999999560415,,
07-12 02:28:24,5000,0,0.2198439389467239,2.7302892208099365,0.0029296875,0.2837535738945007,-2.7302892208099365,-0.5831187963485718,0.004612797871232,0.8825002312660217,0.1950506018164575,1.000672459602356,1.1912434101104736,0.0,-0.582856297492981,-1.514837384223938,,
07-12 02:31:21,10000,0,0.0490856952965259,2.733602285385132,0.0048828125,0.3167857527732849,-2.733602285385132,-0.971566379070282,0.0010479983175173,0.6413305401802063,0.1687913279970701,1.00054669380188,1.169741153717041,0.0,-0.9734325408935548,-3.0141875743865967,,
07-12 03:04:18,15000,66916,0.0110592301934957,2.66234827041626,0.0048828125,0.4504993557929992,-2.66234827041626,-1.1368544101715088,0.0021358379162847,1.3087491989135742,0.2125297906293344,0.9981394410133362,1.092567801475525,0.0,-1.1486717462539673,-4.504489898681641,,
07-12 03:10:47,20000,76885,0.0024701270740479,2.651515483856201,0.015625,0.4596843421459198,-2.651515483856201,-1.267124056816101,0.0023901225067675,1.3034782409667969,0.2013471865198113,0.9991288185119628,1.1585251092910769,0.0,-1.2536755800247192,-6.003485679626465,,
07-12 03:17:33,25000,88878,0.0005519625265151,2.650520801544189,0.005859375,0.4984087347984314,-2.650520801544189,-1.2020343542099,0.0023053220938891,1.2131248712539673,0.1731873134082742,1.0019278526306152,1.2654935121536257,0.0,-1.2261247634887695,-7.502030372619629,,
07-12 03:24:07,30000,101761,0.0001233787334058,2.6281208992004395,0.0068359375,0.5566218495368958,-2.6281208992004395,-1.4182775020599363,0.0024665701203048,1.2564072608947754,0.196622757488701,1.0066921710968018,1.2783366441726685,0.0,-1.4118173122406006,-9.000251770019531,,
07-12 03:29:17,35000,115123,4.539993096841499e-05,2.604642629623413,0.009765625,0.5526090264320374,-2.604642629623413,-1.4225949048995972,0.002163732657209,0.937541663646698,0.142294497497803,1.0000851154327393,1.175234317779541,0.0,-1.4302188158035278,-10.0,,
07-12 03:32:55,40000,115256,4.539993096841499e-05,2.617046356201172,0.0087890625,0.6292527318000793,-2.617046356201172,-1.4344210624694824,0.0039284229278564,1.1725817918777466,0.3078325128871943,1.002979755401611,1.5118964910507202,0.0,-1.4167649745941162,-10.0,,
07-12 03:39:13,45000,125136,4.539993096841499e-05,2.619298458099365,0.0107421875,0.5619916915893555,-2.619298458099365,-1.4148612022399902,0.0037453928962349,1.194025993347168,0.3446475649250909,1.0054421424865725,1.228113055229187,0.0,-1.4334791898727417,-10.0,,
07-12 03:45:26,50000,135178,4.539993096841499e-05,2.580153465270996,0.0087890625,0.612530529499054,-2.580153465270996,-1.6578009128570557,0.0029198897536844,1.4978523254394531,0.4023054597811663,1.0047221183776855,1.2163165807724,0.0,-1.6752434968948364,-10.0,,
07-12 03:51:49,55000,148976,4.539993096841499e-05,2.571873188018799,0.015625,0.6585401892662048,-2.571873188018799,-1.579808473587036,0.0046246256679296,1.8696041107177732,0.5491310409811174,0.9973614811897278,1.1692311763763428,0.0,-1.598667860031128,-10.0,,
07-12 03:58:08,60000,160059,4.539993096841499e-05,2.490156412124634,0.01171875,0.8057963848114014,-2.490156412124634,-1.6816914081573486,0.0029671974480152,1.1267359256744385,0.3724848369989398,1.0004836320877075,1.2050610780715942,0.0,-1.670885682106018,-10.0,,
07-12 04:03:17,65000,170040,4.539993096841499e-05,2.5070643424987797,0.0087890625,0.7944308519363403,-2.5070643424987797,-1.7261444330215454,0.0020047258585691,0.8699702024459839,0.3665930893413382,0.999666392803192,1.2280970811843872,0.0,-1.7230080366134644,-10.0,,
07-12 04:08:15,70000,170710,4.539993096841499e-05,2.4736242294311523,0.0107421875,0.8729326128959656,-2.4736242294311523,-1.5672820806503296,0.003918481990695,1.9018847942352293,0.7211149435306202,1.0100460052490234,1.2654423713684082,0.0,-1.5533561706542969,-10.0,,
07-12 04:14:47,75000,181111,4.539993096841499e-05,2.461672782897949,0.0126953125,0.8508912920951843,-2.461672782897949,-1.7316663265228271,0.0041282847523689,1.579178810119629,0.7038372507285492,1.0006866455078125,1.153788924217224,0.0,-1.7179443836212158,-10.0,,
07-12 04:21:06,80000,194850,4.539993096841499e-05,2.397536277770996,0.015625,0.9497743248939514,-2.397536277770996,-1.685474157333374,0.001959367422387,0.7749253511428833,0.3149686145731943,0.995639145374298,1.2667828798294067,0.0,-1.692345142364502,-10.0,,
07-12 04:27:27,85000,207261,4.539993096841499e-05,2.508087635040283,0.009765625,0.9508135914802552,-2.508087635040283,-1.6610491275787354,0.0063090776093304,2.092648267745972,0.998656520877196,0.994160294532776,1.226414442062378,0.0,-1.6521759033203125,-10.0,,
07-12 04:33:37,90000,220874,4.539993096841499e-05,2.294576406478882,0.013671875,1.038163661956787,-2.294576406478882,-1.66878342628479,0.0063683181069791,1.1372429132461548,0.5658151326753784,1.005984663963318,1.266292691230774,0.0,-1.7006187438964844,-10.0,,
07-12 04:36:48,95000,224474,4.539993096841499e-05,2.408853054046631,0.01171875,1.1821345090866089,-2.408853054046631,-1.6895484924316406,0.0023599667474627,0.824749231338501,0.382110642530932,0.9989955425262452,1.2538464069366455,0.0,-1.6746208667755127,-10.0,,
07-12 04:43:30,100000,233702,4.539993096841499e-05,2.251099109649658,0.015625,1.149181604385376,-2.251099109649658,-1.7698339223861694,0.0039839604869484,1.6602660417556765,0.8630781191564123,1.0027947425842283,1.1773761510849,0.0,-1.7911348342895508,-10.0,,
07-12 04:50:00,105000,243084,4.539993096841499e-05,2.316676616668701,0.0126953125,1.1036376953125,-2.316676616668701,-1.8633549213409424,0.0094137173146009,2.0534818172454834,1.0583923463820075,1.0089516639709473,1.862077116966248,0.0,-1.8926782608032229,-10.0,,
07-12 04:56:22,110000,254054,4.539993096841499e-05,2.1580958366394043,0.0205078125,1.228176236152649,-2.1580958366394043,-1.7780848741531372,0.004130165092647,1.38825523853302,0.7831647411909021,1.0043517351150513,1.2208518981933594,0.0,-1.7554535865783691,-10.0,,
07-12 05:02:52,115000,265086,4.539993096841499e-05,2.123969078063965,0.01171875,1.2439414262771606,-2.123969078063965,-1.9685213565826416,0.003157140687108,1.2998604774475098,0.8751419051347263,0.9989174604415894,1.2532745599746704,0.0,-1.9618171453475952,-10.0,,
07-12 05:08:21,120000,278345,4.539993096841499e-05,2.1855037212371826,0.01953125,1.2961106300354004,-2.1855037212371826,-1.7545896768569946,0.0049523436464369,1.6263819932937622,1.0329778820435906,1.0002182722091677,1.3252159357070925,0.0,-1.742598056793213,-10.0,,
07-12 05:40:36,125000,279948,4.539993096841499e-05,2.155258655548096,0.0224609375,1.2822630405426023,-2.155258655548096,-1.9941672086715696,0.0056664329022169,1.7092514038085938,0.9988550549186984,0.9977930784225464,1.2827576398849487,0.0,-1.9987223148345947,-10.0,,
07-12 05:47:09,130000,294499,4.539993096841499e-05,1.8563854694366453,0.0263671875,1.548661231994629,-1.8563854694366453,-1.8165955543518064,0.0059872274287045,1.6444026231765747,1.0753666854924453,1.0016387701034546,1.6330398321151731,0.0,-1.814183473587036,-10.0,,
07-12 05:53:43,135000,304817,4.539993096841499e-05,1.9075103998184204,0.021484375,1.6082144975662231,-1.9075103998184204,-1.8647750616073608,0.0056617399677634,1.4878504276275637,1.0912003417594265,1.0006661415100098,1.349682331085205,0.0,-1.8757662773132324,-10.0,,
07-12 06:00:13,140000,314215,4.539993096841499e-05,2.08556866645813,0.025390625,1.4229271411895752,-2.08556866645813,-1.9922738075256348,0.0076808491721749,2.229613780975342,1.5120561215120336,1.001577377319336,1.1907691955566406,0.0,-1.9816527366638184,-10.0,,
07-12 06:05:45,145000,326815,4.539993096841499e-05,1.8468406200408936,0.02734375,1.8087952136993408,-1.8468406200408936,-2.023240327835083,0.0045530823990702,1.624337911605835,1.2055628938375198,0.9989027976989746,1.232058882713318,0.0,-2.0218939781188965,-10.0,,
07-12 06:09:35,150000,326872,4.539993096841499e-05,1.8648266792297363,0.025390625,1.767852783203125,-1.8648266792297363,-2.0678985118865967,0.0059965262189507,2.0213499069213867,1.41815157896565,1.0016710758209229,1.307672381401062,0.0,-2.0508720874786377,-10.0,,
07-12 06:16:12,155000,335015,4.539993096841499e-05,1.769665002822876,0.033203125,1.7959812879562378,-1.769665002822876,-2.064492702484131,0.0064475932158529,2.330638885498047,1.8005710009271385,1.0031163692474363,1.2768800258636477,0.0,-2.0777788162231445,-10.0,,
07-12 06:22:48,160000,345800,4.539993096841499e-05,1.6473793983459473,0.029296875,1.9451024532318115,-1.6473793983459473,-1.946830153465271,0.0053768963553011,1.23027241230011,0.8718938174538752,0.9957647919654846,1.2199294567108154,0.0,-1.9476677179336548,-10.0,,
07-12 06:29:18,165000,356194,4.539993096841499e-05,1.7433933019638062,0.03125,1.8170589208602903,-1.7433933019638062,-2.0883948802948,0.0067909928038716,1.3998147249221802,1.0945270753195842,1.0006260871887207,1.1842756271362305,0.0,-2.092043399810791,-10.0,,
07-12 06:35:46,170000,363169,4.539993096841499e-05,1.4430153369903564,0.033203125,2.089994192123413,-1.4430153369903564,-2.1603240966796875,0.0050157196819782,1.443924069404602,1.0245685056372948,0.9968337416648864,1.2107938528060913,0.0,-2.1795973777771,-10.0,,
07-12 06:41:31,175000,371794,4.539993096841499e-05,1.46806538105011,0.0419921875,2.378693103790283,-1.46806538105011,-2.272808074951172,0.006927222944796,1.6545225381851196,1.263734088019284,1.003795862197876,1.471346139907837,0.0,-2.278501033782959,-10.0,,
07-12 06:48:06,180000,379538,4.539993096841499e-05,1.2260947227478027,0.0478515625,2.7808752059936523,-1.2260947227478027,-2.527803897857666,0.0096425227820873,1.8085370063781736,1.5219057912445524,1.002145528793335,1.2561628818511963,0.0,-2.516493558883667,-10.0,,
07-12 06:54:30,185000,387837,4.539993096841499e-05,1.3831515312194824,0.044921875,2.5347399711608887,-1.3831515312194824,-2.5026650428771973,0.0068610440939664,1.5588210821151731,1.343972933850852,1.003819227218628,1.4058846235275269,0.0,-2.499698638916016,-10.0,,
07-12 07:01:06,190000,397450,4.539993096841499e-05,1.3835535049438477,0.0322265625,2.28519606590271,-1.3835535049438477,-2.361558437347412,0.0102182924747467,2.4491989612579346,2.130540603376282,1.001063585281372,1.381427526473999,0.0,-2.333185195922852,-10.0,,
07-12 07:07:29,195000,405841,4.539993096841499e-05,1.1089296340942385,0.05078125,2.934544324874878,-1.1089296340942385,-2.7720303535461426,0.0090949106961488,1.2573131322860718,1.0932112713296525,1.0013542175292969,1.2593549489974976,0.0,-2.77898383140564,-10.0,,
07-12 07:20:50,200000,428427,4.557688225759193e-05,0.8129287958145142,0.0498046875,2.8379783630371094,-0.8129287958145142,-2.851191520690918,0.0084703341126441,1.8538715839385984,1.6517580540198875,0.9940522909164428,1.2147974967956543,0.0,-2.840536117553711,-9.99610996246338,,
07-12 07:27:32,205000,437456,6.511611718451604e-05,0.7269047498703003,0.0576171875,4.109658241271973,-0.7269047498703003,-2.831117630004883,0.0092320637777447,1.750686764717102,1.5625888333890376,1.0038436651229858,1.3920235633850098,0.0,-2.8386483192443848,-9.639338493347168,,
07-12 07:34:20,210000,446702,0.0001765784109011,0.5870920419692993,0.068359375,3.431461811065674,-0.5870920419692993,-2.840144157409668,0.0098072104156017,1.7173616886138916,1.7851361946326805,0.999339759349823,1.4503700733184814,0.0,-2.881510019302368,-8.641745567321777,,
07-12 07:40:52,215000,459152,0.0006044273031875,1.0012550354003906,0.0546875,3.4381697177886963,-1.0012550354003906,-2.9235668182373047,0.011259127408266,2.585091590881348,2.328564951111156,0.999980330467224,1.34749174118042,0.0,-2.924558401107788,-7.411229133605957,,
07-12 07:45:51,220000,468200,0.0023212223313748,0.1387243866920471,0.083984375,4.554858684539795,-0.1387243866920471,-3.090226888656616,0.0046160817146301,0.8522757291793823,0.955008810616696,1.0009291172027588,1.3566888570785522,0.0,-3.097618818283081,-6.065661430358887,,
07-12 07:52:03,225000,471108,0.0088175106793642,0.4575498700141907,0.0703125,3.4535224437713623,-0.4575498700141907,-3.1013875007629395,0.0120398737490177,1.90533983707428,2.114964671454271,1.0051661729812622,1.3201215267181396,0.0,-3.094212532043457,-4.731015682220459,,
07-12 07:58:33,230000,481897,0.0350510142743587,0.4438566565513611,0.0595703125,3.3302481174468994,-0.4438566565513611,-3.047227144241333,0.0071574971079826,1.0042803287506104,1.221900497205621,0.9962160587310792,1.368592381477356,0.0,-3.061028480529785,-3.3509507179260254,,
07-12 08:05:07,235000,493286,0.1300870180130005,0.6576601266860962,0.0634765625,3.675523519515991,-0.6576601266860962,-3.3888864517211914,0.0117554860189557,1.5078530311584473,1.7726759756163524,1.003147840499878,1.3387600183486938,0.0,-3.3630709648132324,-2.0395517349243164,,
07-12 08:11:36,240000,501388,0.3080676198005676,0.9421241879463196,0.0517578125,3.0689425468444824,-0.9421241879463196,-3.402754783630371,0.0144234914332628,2.676243305206299,3.106441451455657,1.0001814365386963,1.246591329574585,0.0,-3.4291138648986816,-1.1774359941482544,,
07-12 08:39:00,245000,505588,0.2941987812519073,1.0411814451217651,0.0478515625,3.2779269218444824,-1.0411814451217651,-3.332221984863281,0.0135477585718035,2.1737563610076904,2.4407637831943765,0.9991766214370728,1.270708441734314,0.0,-3.363881349563598,-1.2234996557235718,,
07-12 08:46:31,250000,516052,0.2726743221282959,1.110292673110962,0.0439453125,2.740809679031372,-1.110292673110962,-3.594330310821533,0.0077540418133139,1.098163366317749,1.1896560747965228,1.0094141960144043,1.6917539834976196,0.0,-3.5539581775665283,-1.299477219581604,,
07-12 08:53:16,255000,528107,0.2823972105979919,0.9043003916740416,0.056640625,3.0167293548583984,-0.9043003916740416,-3.5529725551605225,0.0110196266323328,1.4570598602294922,1.5174372028005216,1.0038684606552124,1.401218295097351,0.0,-3.534971237182617,-1.264440655708313,,
07-12 08:59:54,260000,540910,0.2795829772949219,0.9418959021568298,0.046875,2.5743157863616943,-0.9418959021568298,-3.837794780731201,0.0165664944797754,1.9611974954605105,2.0815278451596533,1.0010299682617188,1.4824419021606443,0.0,-3.837162971496582,-1.2744561433792114,,
07-12 09:07:33,265000,552443,0.2849919199943542,1.0787214040756226,0.05859375,2.7712974548339844,-1.0787214040756226,-3.870173215866089,0.0135105401277542,2.014296293258667,1.8352590429181157,0.998778998851776,1.2718174457550049,0.0,-3.8765621185302734,-1.2552944421768188,,
07-12 09:14:18,270000,562404,0.2966338694095611,1.3074876070022583,0.041015625,2.632488965988159,-1.3074876070022583,-3.761179447174072,0.0105911763384938,1.3594391345977783,1.5922682770566292,1.007755160331726,1.4183751344680786,0.0,-3.75277042388916,-1.215256690979004,,
07-12 09:20:56,275000,571168,0.3219315409660339,0.847710132598877,0.0615234375,3.229735851287842,-0.847710132598877,-4.014753341674805,0.0178601425141096,2.26885986328125,2.2787038388496925,1.000783920288086,1.354286789894104,0.0,-4.033045768737793,-1.1334164142608645,,
07-12 09:27:53,280000,581635,0.3536080718040466,1.1400938034057615,0.05078125,2.831324577331543,-1.1400938034057615,-3.9837217330932617,0.0072578587569296,0.9551389813423156,1.113693019967387,0.995451807975769,1.2779054641723633,0.0,-3.9898557662963863,-1.039566159248352,,
07-12 09:34:01,285000,592336,0.3613692820072174,0.6868391036987305,0.0625,3.442518949508667,-0.6868391036987305,-4.111034393310547,0.0167807340621948,2.209615468978882,2.1986985657255635,1.006603479385376,1.4823626279830933,0.0,-4.090951919555664,-1.017854928970337,,
07-12 09:40:29,290000,598794,0.3528231978416443,0.801338791847229,0.0693359375,3.420562744140625,-0.801338791847229,-4.016368865966797,0.0211369022727012,2.515871524810791,2.7659637452260606,1.005016207695007,1.4587078094482422,0.0,-3.971503257751465,-1.0417882204055786,,
07-12 09:47:22,295000,609707,0.3684898614883423,0.9333312511444092,0.056640625,3.133790969848633,-0.9333312511444092,-4.0907087326049805,0.0158289168030023,1.653858661651611,1.5909094603422187,0.990997314453125,1.5403975248336792,0.0,-4.133829593658447,-0.9983420968055724,,
07-12 09:54:03,300000,620489,0.3720341622829437,1.0649280548095703,0.0478515625,2.8919835090637207,-1.0649280548095703,-3.97266697883606,0.0164031032472848,1.580773115158081,1.5963075579544028,1.0015549659729004,1.6305491924285889,0.0,-3.9433319568634033,-0.9887696504592896,,
07-12 10:00:44,305000,632613,0.3770655691623688,0.6873100399971008,0.0625,3.4579553604125977,-0.6873100399971008,-3.8405704498291016,0.019873023033142,1.96756112575531,2.09758520906668,0.998343586921692,1.60693097114563,0.0,-3.906442880630493,-0.9753361940383912,,
07-12 10:08:39,310000,642591,0.3766580820083618,0.6372392177581787,0.064453125,3.877737283706665,-0.6372392177581787,-3.978793382644653,0.0185835044831037,1.492776870727539,1.5821543105181817,0.9918758869171144,1.3798596858978271,0.0,-3.993669033050537,-0.9764174818992616,,
07-12 10:15:26,315000,656211,0.3776474595069885,1.0214942693710327,0.052734375,2.9565556049346924,-1.0214942693710327,-4.162618637084961,0.0163629446178674,2.297316074371338,2.099843273342608,0.9994410872459412,1.273613214492798,0.0,-4.18766450881958,-0.973794162273407,,
07-12 10:22:00,320000,662299,0.409250259399414,0.657572329044342,0.0625,3.7520501613616943,-0.657572329044342,-4.372772216796875,0.0155584029853343,1.7304866313934326,1.908946164413332,0.9967390298843384,1.3004989624023438,0.0,-4.364675045013428,-0.8934284448623657,,
07-12 10:28:38,325000,672918,0.4236798882484436,0.7102645039558411,0.0673828125,3.392359972000122,-0.7102645039558411,-4.428905487060547,0.0170134250074625,2.2513315677642822,2.084810016555915,1.0039560794830322,1.3636096715927124,0.0,-4.3907012939453125,-0.8587771058082581,,
07-12 10:34:16,330000,683758,0.4226436018943786,0.8188616633415222,0.0537109375,3.5202620029449463,-0.8188616633415222,-4.197431564331055,0.0069610634818673,0.8856790065765381,0.8599801679794693,0.9956319332122804,1.3732669353485107,0.0,-4.208697319030762,-0.8612260222434998,,
07-12 10:41:33,335000,691866,0.4136176407337188,0.8741207122802734,0.0576171875,3.421087741851806,-0.8741207122802734,-4.372810363769531,0.0188813898712396,1.6398135423660278,1.5852811959233988,1.0009570121765137,1.888672471046448,0.0,-4.362987518310547,-0.8828132748603821,,
07-12 10:48:22,340000,703327,0.427367240190506,1.214106798171997,0.044921875,2.83685564994812,-1.214106798171997,-4.634695529937744,0.0080618327483534,0.972886562347412,1.1165979030189337,1.0084574222564695,1.5322760343551636,0.0,-4.626751899719238,-0.8501115441322327,,
07-12 10:55:04,345000,714459,0.4299987852573395,0.9808460474014282,0.048828125,3.3845224380493164,-0.9808460474014282,-4.19793176651001,0.0144359096884727,1.453768610954285,1.4419046815271193,1.005039930343628,1.825426459312439,0.0,-4.231042385101318,-0.84397292137146,,
07-12 10:59:48,350000,724070,0.433714896440506,0.8886122703552246,0.0703125,3.569040298461914,-0.8886122703552246,-4.646040439605713,0.0159789826720953,1.7042443752288818,2.280349938603625,0.9956142902374268,1.3542020320892334,0.0,-4.65891170501709,-0.8353678584098816,,
07-12 11:05:30,355000,726061,0.4242168366909027,1.255337476730347,0.041015625,2.8430538177490234,-1.255337476730347,-4.506622314453125,0.0147668877616524,1.4356424808502195,1.8986039170059368,0.9975614547729492,1.4153510332107544,0.0,-4.511382102966309,-0.8575105667114258,,
07-12 11:12:24,360000,738965,0.4450542330741882,1.0655691623687744,0.056640625,3.3344407081604004,-1.0655691623687744,-4.445775985717773,0.0170792452991008,1.2770401239395142,1.5575694201443042,1.0078556537628174,1.540810227394104,0.0,-4.415558815002441,-0.809559166431427,,
07-12 11:19:13,365000,750946,0.461568683385849,1.1554687023162842,0.0439453125,2.806344747543335,-1.1554687023162842,-4.361545562744141,0.0213365573436021,1.7578096389770508,1.6864764950159117,1.0046486854553225,1.747606873512268,0.0,-4.425511360168457,-0.7731243968009949,,
07-12 11:25:59,370000,764239,0.4491670429706573,0.8659948110580444,0.0537109375,3.3409407138824463,-0.8659948110580444,-4.610470771789551,0.0166658051311969,2.182062149047852,2.1777310267672654,1.012220859527588,1.6985737085342407,0.0,-4.6009440422058105,-0.8003604412078857,,
