seed,name,n,p,p_rec,dom,mesh
900000,car_best_on_proc,1,1.0,0.0,2:cathled-sprint-success,s1020043290g1
900000,proc_on_proc,1,1.0,0.0,2:cathled-sprint-success,s1020043290g1
900001,car_best_on_proc,1,0.0,0.0,6:near-buckle-fight,s1563758547g1
900001,proc_on_proc,1,0.0,0.0,10:proximal-thrash,s1563758547g1
900002,car_best_on_proc,1,1.0,0.0,2:cathled-sprint-success,s646285556g1
900002,proc_on_proc,1,1.0,0.0,2:cathled-sprint-success,s646285556g1
900003,car_best_on_proc,1,1.0,0.0,2:cathled-sprint-success,s362260794g1
900003,proc_on_proc,1,1.0,0.0,2:cathled-sprint-success,s362260794g1
900004,car_best_on_proc,1,0.0,0.0,8:mega-coil,s1186725438g1
900004,proc_on_proc,1,0.0,0.0,8:mega-coil,s1186725438g1
900005,car_best_on_proc,1,1.0,0.0,2:cathled-sprint-success,s56786124g1
900005,proc_on_proc,1,1.0,0.0,2:cathled-sprint-success,s56786124g1
900006,car_best_on_proc,1,1.0,0.0,2:cathled-sprint-success,s2131103049g0
900006,proc_on_proc,1,1.0,0.0,2:cathled-sprint-success,s2131103049g0
900007,car_best_on_proc,1,1.0,0.0,2:cathled-sprint-success,s1875621913g1
900007,proc_on_proc,1,1.0,0.0,2:cathled-sprint-success,s1875621913g1
900008,car_best_on_proc,1,1.0,0.0,2:cathled-sprint-success,s1135134341g1
900008,proc_on_proc,1,1.0,0.0,2:cathled-sprint-success,s1135134341g1
900009,car_best_on_proc,1,1.0,0.0,8:mega-coil,s262217262g1
900009,proc_on_proc,1,1.0,1.0,4:deep-recovery-success,s262217262g1
900010,car_best_on_proc,1,0.0,0.0,6:near-buckle-fight,s733528875g1
900010,proc_on_proc,1,0.0,0.0,10:proximal-thrash,s733528875g1
900011,car_best_on_proc,1,1.0,0.0,2:cathled-sprint-success,s72041879g1
900011,proc_on_proc,1,1.0,0.0,2:cathled-sprint-success,s72041879g1
900012,car_best_on_proc,1,0.0,0.0,6:near-buckle-fight,s324135477g1
900012,proc_on_proc,1,0.0,0.0,8:mega-coil,s324135477g1
900013,car_best_on_proc,1,1.0,0.0,0:clean-success,s89051603g0
900013,proc_on_proc,1,1.0,1.0,4:deep-recovery-success,s89051603g0
900014,car_best_on_proc,1,0.0,0.0,5:shove-fight,s1631463350g1
900014,proc_on_proc,1,0.0,0.0,8:mega-coil,s1631463350g1
900015,car_best_on_proc,1,1.0,0.0,0:clean-success,s1188724579g1
900015,proc_on_proc,1,1.0,1.0,4:deep-recovery-success,s1188724579g1
900016,car_best_on_proc,1,0.0,0.0,6:near-buckle-fight,s1655387862g1
900016,proc_on_proc,1,0.0,0.0,8:mega-coil,s1655387862g1
900017,car_best_on_proc,1,1.0,0.0,2:cathled-sprint-success,s2063245862g1
900017,proc_on_proc,1,1.0,0.0,2:cathled-sprint-success,s2063245862g1
900018,car_best_on_proc,1,1.0,0.0,1:clean-fast-success,s857688274g1
900018,proc_on_proc,1,1.0,0.0,2:cathled-sprint-success,s857688274g1
900019,car_best_on_proc,1,0.0,0.0,6:near-buckle-fight,s1894111997g0
900019,proc_on_proc,1,0.0,0.0,8:mega-coil,s1894111997g0
900020,car_best_on_proc,1,0.0,0.0,7:midpath-thrash,s8844972g1
900020,proc_on_proc,1,0.0,0.0,10:proximal-thrash,s8844972g1
900021,car_best_on_proc,1,0.0,0.0,8:mega-coil,s1905292856g1
900021,proc_on_proc,1,0.0,0.0,10:proximal-thrash,s1905292856g1
900022,car_best_on_proc,1,1.0,0.0,2:cathled-sprint-success,s994316221g1
900022,proc_on_proc,1,1.0,0.0,2:cathled-sprint-success,s994316221g1
900023,car_best_on_proc,1,1.0,1.0,4:deep-recovery-success,s1807589001g1
900023,proc_on_proc,1,0.0,0.0,8:mega-coil,s1807589001g1
900024,car_best_on_proc,1,0.0,0.0,6:near-buckle-fight,s1347551054g1
900024,proc_on_proc,1,0.0,0.0,8:mega-coil,s1347551054g1
900025,car_best_on_proc,1,1.0,0.0,7:midpath-thrash,s823409318g0
900025,proc_on_proc,1,1.0,0.0,2:cathled-sprint-success,s823409318g0
900026,car_best_on_proc,1,1.0,0.0,2:cathled-sprint-success,s120813388g1
900026,proc_on_proc,1,1.0,0.0,2:cathled-sprint-success,s120813388g1
900027,car_best_on_proc,1,0.0,0.0,6:near-buckle-fight,s54421594g1
900027,proc_on_proc,1,0.0,0.0,8:mega-coil,s54421594g1
900028,car_best_on_proc,1,0.0,0.0,6:near-buckle-fight,s1817049148g1
900028,proc_on_proc,1,0.0,0.0,8:mega-coil,s1817049148g1
900029,car_best_on_proc,1,0.0,0.0,6:near-buckle-fight,s779366404g1
900029,proc_on_proc,1,0.0,0.0,7:midpath-thrash,s779366404g1
900030,car_best_on_proc,1,0.0,0.0,6:near-buckle-fight,s487386244g1
900030,proc_on_proc,1,0.0,0.0,8:mega-coil,s487386244g1
900031,car_best_on_proc,1,1.0,0.0,0:clean-success,s47544376g0
900031,proc_on_proc,1,0.0,0.0,8:mega-coil,s47544376g0
900032,car_best_on_proc,1,1.0,0.0,2:cathled-sprint-success,s1955884022g1
900032,proc_on_proc,1,1.0,0.0,2:cathled-sprint-success,s1955884022g1
900033,car_best_on_proc,1,0.0,0.0,6:near-buckle-fight,s820931024g1
900033,proc_on_proc,1,0.0,0.0,8:mega-coil,s820931024g1
900034,car_best_on_proc,1,1.0,0.0,2:cathled-sprint-success,s2025016814g1
900034,proc_on_proc,1,1.0,0.0,2:cathled-sprint-success,s2025016814g1
900035,car_best_on_proc,1,0.0,0.0,6:near-buckle-fight,s1887051287g1
900035,proc_on_proc,1,0.0,0.0,8:mega-coil,s1887051287g1
900036,car_best_on_proc,1,1.0,0.0,2:cathled-sprint-success,s719222618g1
900036,proc_on_proc,1,1.0,0.0,2:cathled-sprint-success,s719222618g1
900037,car_best_on_proc,1,0.0,0.0,6:near-buckle-fight,s609316899g0
900037,proc_on_proc,1,0.0,0.0,8:mega-coil,s609316899g0
900038,car_best_on_proc,1,1.0,0.0,1:clean-fast-success,s1698373068g1
900038,proc_on_proc,1,1.0,0.0,2:cathled-sprint-success,s1698373068g1
900039,car_best_on_proc,1,1.0,1.0,4:deep-recovery-success,s202265828g1
900039,proc_on_proc,1,0.0,0.0,8:mega-coil,s202265828g1
900040,car_best_on_proc,1,1.0,0.0,2:cathled-sprint-success,s1050921583g1
900040,proc_on_proc,1,1.0,0.0,2:cathled-sprint-success,s1050921583g1
900041,car_best_on_proc,1,1.0,0.0,2:cathled-sprint-success,s432477991g1
900041,proc_on_proc,1,1.0,0.0,2:cathled-sprint-success,s432477991g1
900042,car_best_on_proc,1,0.0,0.0,6:near-buckle-fight,s928082491g1
900042,proc_on_proc,1,0.0,0.0,8:mega-coil,s928082491g1
900043,car_best_on_proc,1,1.0,0.0,7:midpath-thrash,s1898654069g0
900043,proc_on_proc,1,0.0,0.0,7:midpath-thrash,s1898654069g0
900044,car_best_on_proc,1,1.0,0.0,2:cathled-sprint-success,s846931706g1
900044,proc_on_proc,1,1.0,0.0,2:cathled-sprint-success,s846931706g1
900045,car_best_on_proc,1,1.0,1.0,4:deep-recovery-success,s1009872855g1
900045,proc_on_proc,1,0.0,0.0,8:mega-coil,s1009872855g1
900046,car_best_on_proc,1,0.0,0.0,6:near-buckle-fight,s791572010g1
900046,proc_on_proc,1,0.0,0.0,8:mega-coil,s791572010g1
900047,car_best_on_proc,1,0.0,0.0,6:near-buckle-fight,s195812797g1
900047,proc_on_proc,1,0.0,0.0,8:mega-coil,s195812797g1
900048,car_best_on_proc,1,0.0,0.0,10:proximal-thrash,s1268534349g1
900048,proc_on_proc,1,0.0,0.0,7:midpath-thrash,s1268534349g1
900049,car_best_on_proc,1,0.0,0.0,8:mega-coil,s710276575g0
900049,proc_on_proc,1,0.0,0.0,8:mega-coil,s710276575g0
900050,car_best_on_proc,1,1.0,0.0,0:clean-success,s221841882g1
900050,proc_on_proc,1,1.0,0.0,2:cathled-sprint-success,s221841882g1
900051,car_best_on_proc,1,0.0,0.0,5:shove-fight,s1703362320g1
900051,proc_on_proc,1,0.0,0.0,8:mega-coil,s1703362320g1
900052,car_best_on_proc,1,1.0,0.0,2:cathled-sprint-success,s436059836g1
900052,proc_on_proc,1,1.0,0.0,2:cathled-sprint-success,s436059836g1
900053,car_best_on_proc,1,1.0,0.0,0:clean-success,s666874983g1
900053,proc_on_proc,1,1.0,1.0,4:deep-recovery-success,s666874983g1
900054,car_best_on_proc,1,1.0,0.0,2:cathled-sprint-success,s514338283g1
900054,proc_on_proc,1,1.0,0.0,2:cathled-sprint-success,s514338283g1
900055,car_best_on_proc,1,1.0,0.0,2:cathled-sprint-success,s905047548g0
900055,proc_on_proc,1,1.0,0.0,2:cathled-sprint-success,s905047548g0
900056,car_best_on_proc,1,1.0,0.0,2:cathled-sprint-success,s940613720g1
900056,proc_on_proc,1,1.0,0.0,2:cathled-sprint-success,s940613720g1
900057,car_best_on_proc,1,1.0,0.0,0:clean-success,s800887222g1
900057,proc_on_proc,1,1.0,1.0,4:deep-recovery-success,s800887222g1
900058,car_best_on_proc,1,1.0,0.0,2:cathled-sprint-success,s289926302g1
900058,proc_on_proc,1,1.0,0.0,2:cathled-sprint-success,s289926302g1
900059,car_best_on_proc,1,1.0,0.0,0:clean-success,s507949858g1
900059,proc_on_proc,1,1.0,1.0,4:deep-recovery-success,s507949858g1
900060,car_best_on_proc,1,1.0,0.0,2:cathled-sprint-success,s6654449g1
900060,proc_on_proc,1,1.0,0.0,2:cathled-sprint-success,s6654449g1
900061,car_best_on_proc,1,1.0,0.0,2:cathled-sprint-success,s1357272110g0
900061,proc_on_proc,1,1.0,0.0,2:cathled-sprint-success,s1357272110g0
900062,car_best_on_proc,1,0.0,0.0,6:near-buckle-fight,s950258454g1
900062,proc_on_proc,1,0.0,0.0,8:mega-coil,s950258454g1
900063,car_best_on_proc,1,0.0,0.0,8:mega-coil,s2032161815g1
900063,proc_on_proc,1,0.0,0.0,8:mega-coil,s2032161815g1
900064,car_best_on_proc,1,1.0,0.0,0:clean-success,s1795658739g1
900064,proc_on_proc,1,0.0,0.0,7:midpath-thrash,s1795658739g1
900065,car_best_on_proc,1,0.0,0.0,6:near-buckle-fight,s542976952g1
900065,proc_on_proc,1,0.0,0.0,8:mega-coil,s542976952g1
900066,car_best_on_proc,1,1.0,0.0,2:cathled-sprint-success,s767506430g1
900066,proc_on_proc,1,1.0,0.0,2:cathled-sprint-success,s767506430g1
900067,car_best_on_proc,1,1.0,0.0,2:cathled-sprint-success,s1701875257g0
900067,proc_on_proc,1,1.0,0.0,2:cathled-sprint-success,s1701875257g0
900068,car_best_on_proc,1,1.0,0.0,0:clean-success,s871533636g1
900068,proc_on_proc,1,1.0,0.0,8:mega-coil,s871533636g1
900069,car_best_on_proc,1,1.0,1.0,4:deep-recovery-success,s19148103g1
900069,proc_on_proc,1,0.0,0.0,8:mega-coil,s19148103g1
900070,car_best_on_proc,1,0.0,0.0,6:near-buckle-fight,s401951954g1
900070,proc_on_proc,1,0.0,0.0,8:mega-coil,s401951954g1
900071,car_best_on_proc,1,0.0,0.0,7:midpath-thrash,s381803629g1
900071,proc_on_proc,1,0.0,0.0,8:mega-coil,s381803629g1
900072,car_best_on_proc,1,0.0,0.0,6:near-buckle-fight,s441416739g1
900072,proc_on_proc,1,0.0,0.0,10:proximal-thrash,s441416739g1
900073,car_best_on_proc,1,0.0,0.0,8:mega-coil,s1771697106g0
900073,proc_on_proc,1,0.0,0.0,8:mega-coil,s1771697106g0
900074,car_best_on_proc,1,1.0,0.0,0:clean-success,s704111850g1
900074,proc_on_proc,1,1.0,0.0,2:cathled-sprint-success,s704111850g1
900075,car_best_on_proc,1,1.0,0.0,2:cathled-sprint-success,s729849510g1
900075,proc_on_proc,1,1.0,0.0,2:cathled-sprint-success,s729849510g1
900076,car_best_on_proc,1,0.0,0.0,6:near-buckle-fight,s160821144g1
900076,proc_on_proc,1,0.0,0.0,7:midpath-thrash,s160821144g1
900077,car_best_on_proc,1,1.0,0.0,0:clean-success,s1097759322g1
900077,proc_on_proc,1,1.0,1.0,4:deep-recovery-success,s1097759322g1
900078,car_best_on_proc,1,1.0,0.0,0:clean-success,s69864492g1
900078,proc_on_proc,1,1.0,1.0,4:deep-recovery-success,s69864492g1
900079,car_best_on_proc,1,0.0,0.0,8:mega-coil,s1678765422g0
900079,proc_on_proc,1,0.0,0.0,8:mega-coil,s1678765422g0
900080,car_best_on_proc,1,0.0,0.0,6:near-buckle-fight,s1574836522g1
900080,proc_on_proc,1,0.0,0.0,8:mega-coil,s1574836522g1
900081,car_best_on_proc,1,1.0,0.0,2:cathled-sprint-success,s1272664565g1
900081,proc_on_proc,1,1.0,0.0,2:cathled-sprint-success,s1272664565g1
900082,car_best_on_proc,1,1.0,0.0,1:clean-fast-success,s1195408531g1
900082,proc_on_proc,1,1.0,0.0,2:cathled-sprint-success,s1195408531g1
900083,car_best_on_proc,1,0.0,0.0,6:near-buckle-fight,s164799107g1
900083,proc_on_proc,1,0.0,0.0,8:mega-coil,s164799107g1
900084,car_best_on_proc,1,1.0,0.0,2:cathled-sprint-success,s1838896344g1
900084,proc_on_proc,1,1.0,0.0,2:cathled-sprint-success,s1838896344g1
900085,car_best_on_proc,1,1.0,0.0,0:clean-success,s1272475282g0
900085,proc_on_proc,1,1.0,0.0,2:cathled-sprint-success,s1272475282g0
900086,car_best_on_proc,1,1.0,1.0,4:deep-recovery-success,s2035662364g1
900086,proc_on_proc,1,0.0,0.0,10:proximal-thrash,s2035662364g1
900087,car_best_on_proc,1,0.0,0.0,6:near-buckle-fight,s1020378381g1
900087,proc_on_proc,1,0.0,0.0,8:mega-coil,s1020378381g1
900088,car_best_on_proc,1,1.0,0.0,0:clean-success,s678523767g1
900088,proc_on_proc,1,1.0,1.0,4:deep-recovery-success,s678523767g1
900089,car_best_on_proc,1,0.0,0.0,6:near-buckle-fight,s501147810g1
900089,proc_on_proc,1,0.0,0.0,8:mega-coil,s501147810g1
900090,car_best_on_proc,1,0.0,0.0,6:near-buckle-fight,s1284136373g1
900090,proc_on_proc,1,0.0,0.0,10:proximal-thrash,s1284136373g1
900091,car_best_on_proc,1,1.0,0.0,0:clean-success,s875903860g0
900091,proc_on_proc,1,1.0,0.0,2:cathled-sprint-success,s875903860g0
900092,car_best_on_proc,1,0.0,0.0,8:mega-coil,s639028767g1
900092,proc_on_proc,1,0.0,0.0,8:mega-coil,s639028767g1
900093,car_best_on_proc,1,1.0,0.0,0:clean-success,s1916065718g1
900093,proc_on_proc,1,1.0,1.0,4:deep-recovery-success,s1916065718g1
900094,car_best_on_proc,1,0.0,0.0,7:midpath-thrash,s1097265140g1
900094,proc_on_proc,1,0.0,0.0,8:mega-coil,s1097265140g1
900095,car_best_on_proc,1,1.0,0.0,2:cathled-sprint-success,s431543766g1
900095,proc_on_proc,1,1.0,0.0,2:cathled-sprint-success,s431543766g1
900096,car_best_on_proc,1,0.0,0.0,6:near-buckle-fight,s310660349g1
900096,proc_on_proc,1,0.0,0.0,8:mega-coil,s310660349g1
900097,car_best_on_proc,1,0.0,0.0,6:near-buckle-fight,s1408628064g0
900097,proc_on_proc,1,0.0,0.0,8:mega-coil,s1408628064g0
