seed,car_best_on_proc,proc_on_proc,succ_phase,fail_phase,rec_share,cathled_share,medT,mesh,cls,min_strong,spread_strong
900000,1.0,1.0,cath-led-run,,0.0,1.0,30.5,s1020043290g1,easy,1.0,0.0
900002,1.0,1.0,free-run,,0.0,0.5,31.5,s646285556g1,easy,1.0,0.0
900003,1.0,1.0,cath-led-run,,0.0,1.0,42.5,s362260794g1,easy,1.0,0.0
900005,1.0,1.0,free-run,,0.0,0.5,39.0,s56786124g1,easy,1.0,0.0
900006,1.0,1.0,cath-led-run,,0.0,1.0,46.0,s2131103049g0,easy,1.0,0.0
900007,1.0,1.0,cath-led-run,,0.0,1.0,54.5,s1875621913g1,easy,1.0,0.0
900008,1.0,1.0,free-run,,0.0,0.5,23.5,s1135134341g1,easy,1.0,0.0
900009,1.0,1.0,light-recovery,,1.0,0.0,249.0,s262217262g1,easy,1.0,0.0
900011,1.0,1.0,cath-led-run,,0.0,1.0,27.0,s72041879g1,easy,1.0,0.0
900013,1.0,1.0,cath-led-run,,0.5,0.5,98.5,s89051603g0,easy,1.0,0.0
900015,1.0,1.0,free-run,,0.5,0.0,102.5,s1188724579g1,easy,1.0,0.0
900017,1.0,1.0,free-run,,0.0,0.5,43.5,s2063245862g1,easy,1.0,0.0
900018,1.0,1.0,free-run,,0.0,0.5,51.5,s857688274g1,easy,1.0,0.0
900022,1.0,1.0,cath-led-run,,0.0,1.0,47.0,s994316221g1,easy,1.0,0.0
900025,1.0,1.0,deep-recovery,,0.5,0.5,294.0,s823409318g0,easy,1.0,0.0
900026,1.0,1.0,cath-led-run,,0.0,1.0,30.0,s120813388g1,easy,1.0,0.0
900032,1.0,1.0,cath-led-run,,0.0,1.0,35.5,s1955884022g1,easy,1.0,0.0
900034,1.0,1.0,free-run,,0.0,0.5,42.0,s2025016814g1,easy,1.0,0.0
900036,1.0,1.0,free-run,,0.0,0.5,33.5,s719222618g1,easy,1.0,0.0
900038,1.0,1.0,free-run,,0.0,0.5,44.0,s1698373068g1,easy,1.0,0.0
900040,1.0,1.0,cath-led-run,,0.0,1.0,26.5,s1050921583g1,easy,1.0,0.0
900041,1.0,1.0,cath-led-run,,0.0,1.0,32.5,s432477991g1,easy,1.0,0.0
900044,1.0,1.0,free-run,,0.0,0.5,44.5,s846931706g1,easy,1.0,0.0
900050,1.0,1.0,cath-led-run,,0.0,1.0,57.0,s221841882g1,easy,1.0,0.0
900052,1.0,1.0,cath-led-run,,0.0,1.0,32.0,s436059836g1,easy,1.0,0.0
900053,1.0,1.0,free-run,,0.5,0.0,127.5,s666874983g1,easy,1.0,0.0
900054,1.0,1.0,cath-led-run,,0.0,1.0,35.5,s514338283g1,easy,1.0,0.0
900055,1.0,1.0,cath-led-run,,0.0,1.0,34.5,s905047548g0,easy,1.0,0.0
900056,1.0,1.0,cath-led-run,,0.0,1.0,45.5,s940613720g1,easy,1.0,0.0
900057,1.0,1.0,free-run,,0.5,0.0,112.0,s800887222g1,easy,1.0,0.0
900058,1.0,1.0,free-run,,0.0,0.5,38.0,s289926302g1,easy,1.0,0.0
900059,1.0,1.0,free-run,,0.5,0.0,83.0,s507949858g1,easy,1.0,0.0
900060,1.0,1.0,cath-led-run,,0.0,1.0,32.5,s6654449g1,easy,1.0,0.0
900061,1.0,1.0,free-run,,0.0,0.5,37.0,s1357272110g0,easy,1.0,0.0
900066,1.0,1.0,free-run,,0.0,0.5,26.0,s767506430g1,easy,1.0,0.0
900067,1.0,1.0,cath-led-run,,0.0,1.0,25.0,s1701875257g0,easy,1.0,0.0
900068,1.0,1.0,free-run,,0.5,0.0,147.0,s871533636g1,easy,1.0,0.0
900074,1.0,1.0,free-run,,0.0,0.5,75.0,s704111850g1,easy,1.0,0.0
900075,1.0,1.0,cath-led-run,,0.0,1.0,30.5,s729849510g1,easy,1.0,0.0
900077,1.0,1.0,free-run,,0.5,0.0,92.5,s1097759322g1,easy,1.0,0.0
900078,1.0,1.0,free-run,,0.5,0.0,82.0,s69864492g1,easy,1.0,0.0
900081,1.0,1.0,cath-led-run,,0.0,1.0,25.0,s1272664565g1,easy,1.0,0.0
900082,1.0,1.0,cath-led-run,,0.0,1.0,49.0,s1195408531g1,easy,1.0,0.0
900084,1.0,1.0,cath-led-run,,0.0,1.0,23.0,s1838896344g1,easy,1.0,0.0
900085,1.0,1.0,free-run,,0.5,0.0,80.0,s1272475282g0,easy,1.0,0.0
900088,1.0,1.0,free-run,,0.5,0.0,100.0,s678523767g1,easy,1.0,0.0
900091,1.0,1.0,free-run,,0.0,0.5,57.5,s875903860g0,easy,1.0,0.0
900093,1.0,1.0,cath-led-run,,0.5,0.5,136.0,s1916065718g1,easy,1.0,0.0
900095,1.0,1.0,cath-led-run,,0.0,1.0,30.5,s431543766g1,easy,1.0,0.0
900001,0.0,0.0,,stuck-midpath,,,601.0,s1563758547g1,floor,0.0,0.0
900004,0.0,0.0,,coiled-stuck,,,601.0,s1186725438g1,floor,0.0,0.0
900010,0.0,0.0,,stuck-midpath,,,601.0,s733528875g1,floor,0.0,0.0
900012,0.0,0.0,,stuck-midpath,,,601.0,s324135477g1,floor,0.0,0.0
900014,0.0,0.0,,shove-capped,,,601.0,s1631463350g1,floor,0.0,0.0
900016,0.0,0.0,,stuck-midpath,,,601.0,s1655387862g1,floor,0.0,0.0
900019,0.0,0.0,,stuck-midpath,,,601.0,s1894111997g0,floor,0.0,0.0
900020,0.0,0.0,,stuck-midpath,,,601.0,s8844972g1,floor,0.0,0.0
900021,0.0,0.0,,coiled-stuck,,,601.0,s1905292856g1,floor,0.0,0.0
900024,0.0,0.0,,stuck-midpath,,,601.0,s1347551054g1,floor,0.0,0.0
900027,0.0,0.0,,coiled-stuck,,,601.0,s54421594g1,floor,0.0,0.0
900028,0.0,0.0,,stuck-midpath,,,601.0,s1817049148g1,floor,0.0,0.0
900029,0.0,0.0,,stuck-midpath,,,601.0,s779366404g1,floor,0.0,0.0
900030,0.0,0.0,,stuck-midpath,,,601.0,s487386244g1,floor,0.0,0.0
900033,0.0,0.0,,stuck-midpath,,,601.0,s820931024g1,floor,0.0,0.0
900035,0.0,0.0,,stuck-midpath,,,601.0,s1887051287g1,floor,0.0,0.0
900037,0.0,0.0,,stuck-midpath,,,601.0,s609316899g0,floor,0.0,0.0
900042,0.0,0.0,,stuck-midpath,,,601.0,s928082491g1,floor,0.0,0.0
900046,0.0,0.0,,stuck-midpath,,,601.0,s791572010g1,floor,0.0,0.0
900047,0.0,0.0,,coiled-stuck,,,601.0,s195812797g1,floor,0.0,0.0
900048,0.0,0.0,,stuck-proximal,,,601.0,s1268534349g1,floor,0.0,0.0
900049,0.0,0.0,,coiled-stuck,,,601.0,s710276575g0,floor,0.0,0.0
900051,0.0,0.0,,shove-capped,,,601.0,s1703362320g1,floor,0.0,0.0
900062,0.0,0.0,,coiled-stuck,,,601.0,s950258454g1,floor,0.0,0.0
900063,0.0,0.0,,shove-capped,,,601.0,s2032161815g1,floor,0.0,0.0
900065,0.0,0.0,,stuck-midpath,,,601.0,s542976952g1,floor,0.0,0.0
900070,0.0,0.0,,stuck-midpath,,,601.0,s401951954g1,floor,0.0,0.0
900071,0.0,0.0,,shove-capped,,,601.0,s381803629g1,floor,0.0,0.0
900072,0.0,0.0,,stuck-midpath,,,601.0,s441416739g1,floor,0.0,0.0
900073,0.0,0.0,,shove-capped,,,601.0,s1771697106g0,floor,0.0,0.0
900076,0.0,0.0,,stuck-midpath,,,601.0,s160821144g1,floor,0.0,0.0
900079,0.0,0.0,,shove-capped,,,601.0,s1678765422g0,floor,0.0,0.0
900080,0.0,0.0,,coiled-stuck,,,601.0,s1574836522g1,floor,0.0,0.0
900083,0.0,0.0,,coiled-stuck,,,601.0,s164799107g1,floor,0.0,0.0
900087,0.0,0.0,,stuck-midpath,,,601.0,s1020378381g1,floor,0.0,0.0
900089,0.0,0.0,,stuck-midpath,,,601.0,s501147810g1,floor,0.0,0.0
900090,0.0,0.0,,stuck-midpath,,,601.0,s1284136373g1,floor,0.0,0.0
900092,0.0,0.0,,shove-capped,,,601.0,s639028767g1,floor,0.0,0.0
900094,0.0,0.0,,shove-capped,,,601.0,s1097265140g1,floor,0.0,0.0
900096,0.0,0.0,,stuck-midpath,,,601.0,s310660349g1,floor,0.0,0.0
900097,0.0,0.0,,doorstep-stall,,,601.0,s1408628064g0,floor,0.0,0.0
900023,1.0,0.0,free-run,coiled-stuck,0.0,0.0,351.5,s1807589001g1,frontier,0.0,1.0
900031,1.0,0.0,free-run,coiled-stuck,0.0,0.0,333.0,s47544376g0,frontier,0.0,1.0
900039,1.0,0.0,light-recovery,coiled-stuck,1.0,0.0,362.0,s202265828g1,frontier,0.0,1.0
900043,1.0,0.0,deep-recovery,stuck-midpath,1.0,0.0,510.0,s1898654069g0,frontier,0.0,1.0
900045,1.0,0.0,light-recovery,coiled-stuck,1.0,0.0,362.5,s1009872855g1,frontier,0.0,1.0
900064,1.0,0.0,cath-led-run,deep-recovery,0.0,1.0,330.5,s1795658739g1,frontier,0.0,1.0
900069,1.0,0.0,deep-recovery,coiled-stuck,1.0,0.0,410.0,s19148103g1,frontier,0.0,1.0
900086,1.0,0.0,cath-led-run,stuck-proximal,0.0,1.0,372.0,s2035662364g1,frontier,0.0,1.0
