tag,win,n,ex_succ,next_succ,prev_succ,med_steps,rec_share,rec_share_of_succ,coil,shove,thrash,near,far,fail_coil,fail_thrash,fail_shove,fail_near
car_nopriv,1,979.0,78.85597548518896,43.87755102040816,31.63265306122449,153.0,35.95505617977528,39.766839378238345,4.085801838610827,13.176710929519919,4.59652706843718,2.247191011235955,0.0,19.32367149758454,20.77294685990338,28.502415458937197,9.66183574879227
car_nopriv,2,789.0,61.08998732572877,70.40816326530613,43.87755102040816,226.0,18.377693282636248,28.838174273858918,1.394169835234474,33.96704689480355,9.505703422053232,2.5348542458808616,0.0,3.5830618892508146,23.452768729641694,65.47231270358306,5.537459283387622
car_nopriv,3,1683.0,93.4640522875817,91.83673469387756,70.40816326530613,85.0,19.31075460487225,20.152574698029245,0.53475935828877,3.8027332144979207,1.7825311942959003,2.6737967914438503,0.0,6.363636363636363,22.727272727272727,36.36363636363637,27.27272727272727
car_nopriv,4,1882.0,93.41126461211478,91.83673469387756,91.83673469387756,82.0,15.94048884165781,16.780432309442546,0.5844845908607864,3.34750265674814,1.7534537725823591,2.0191285866099893,0.0,7.258064516129033,24.193548387096776,42.74193548387097,21.774193548387096
car_v3,0,593.0,52.78246205733558,76.53061224489795,,523.0,24.11467116357504,40.2555910543131,0.6745362563237773,37.436762225969645,32.377740303541316,1.5177065767284992,0.0,1.4285714285714286,57.14285714285714,32.5,2.857142857142857
car_v3,1,987.0,84.70111448834852,87.75510204081633,76.53061224489795,167.0,43.87031408308004,49.16267942583732,2.127659574468085,12.056737588652481,6.484295845997974,3.1408308004052685,0.0,13.245033112582782,27.1523178807947,30.4635761589404,14.56953642384106
car_v3,2,1193.0,79.37971500419113,38.775510204081634,87.75510204081633,144.0,35.28918692372171,43.50580781414995,0.2514668901927913,4.0234702430846605,19.865884325230514,0.9220452640402346,0.0,1.2195121951219512,84.95934959349594,6.504065040650407,3.6585365853658534
car_v3,3,889.0,88.9763779527559,94.89795918367348,38.775510204081634,137.0,36.445444319460066,39.317319848293295,0.0,0.8998875140607425,17.99775028121485,2.5871766029246346,0.0,0.0,72.44897959183673,3.061224489795918,11.224489795918368
car_v3,4,1984.0,96.42137096774194,96.93877551020408,94.89795918367348,85.0,25.403225806451612,25.718766335598538,0.05040322580645161,1.310483870967742,0.25201612903225806,3.225806451612903,0.0,1.4084507042253522,7.042253521126761,15.492957746478872,59.154929577464785
car_v3,5,792.0,61.23737373737374,91.83673469387756,96.93877551020408,449.0,16.161616161616163,24.329896907216494,0.5050505050505051,3.6616161616161618,48.98989898989899,0.6313131313131313,0.0,1.3029315960912053,87.62214983713355,6.188925081433225,1.6286644951140066
car_v3,6,896.0,84.15178571428571,97.95918367346938,91.83673469387756,135.0,25.223214285714285,28.647214854111407,0.0,1.3392857142857142,25.33482142857143,1.0044642857142858,0.0,0.0,82.3943661971831,4.929577464788732,5.633802816901409
car_v3a,1,782.0,63.04347826086957,82.6530612244898,50.0,348.0,35.933503836317136,48.275862068965516,5.498721227621484,21.483375959079286,5.3708439897698215,2.1739130434782608,0.0,14.53287197231834,14.186851211072666,51.21107266435986,5.190311418685121
car_v3a,2,597.0,34.84087102177554,67.3469387755102,82.6530612244898,600.0,9.715242881072026,26.923076923076923,0.8375209380234505,10.552763819095476,55.61139028475712,1.8425460636515913,0.0,1.2853470437017995,84.06169665809769,11.311053984575835,2.827763496143959
tb_repl,1,2164.0,97.82809611829944,97.95918367346938,68.36734693877551,79.0,10.44362292051756,10.108644307982996,0.04621072088724584,0.9242144177449169,0.878003696857671,0.6469500924214419,0.0,2.127659574468085,38.297872340425535,17.02127659574468,17.02127659574468
tb_repl,2,2082.0,92.89145052833814,97.95918367346938,97.95918367346938,84.0,6.388088376560999,6.8252326783867625,0.09606147934678194,2.97790585975024,3.121998078770413,1.248799231508165,0.0,1.3513513513513513,43.24324324324324,39.86486486486486,14.864864864864865
tb_repl,3,2306.0,97.87510841283607,100.0,97.95918367346938,89.0,4.986990459670425,5.006645990252548,0.08673026886383348,1.6045099739809192,0.0,0.823937554206418,0.0,4.081632653061225,0.0,59.183673469387756,32.6530612244898
tb_v1r2,1,2086.0,97.17162032598274,100.0,59.183673469387756,79.0,12.416107382550337,11.346817957572767,0.19175455417066153,0.4314477468839885,0.9108341323106425,0.5273250239693192,0.0,6.779661016949152,27.11864406779661,8.47457627118644,8.47457627118644
tb_v1r2,2,2251.0,96.7125721901377,97.95918367346938,100.0,84.0,3.3762772101288316,3.491042719338539,0.7996446023989338,0.26654820079964464,0.3998223011994669,2.665482007996446,0.0,22.972972972972975,6.756756756756757,6.756756756756757,63.51351351351351
tb_v1r2,3,2050.0,95.36585365853658,96.73913043478261,97.95918367346938,89.0,3.8536585365853657,3.989769820971867,0.975609756097561,0.3902439024390244,0.04878048780487805,3.902439024390244,0.0,20.0,1.0526315789473684,5.263157894736842,72.63157894736842
tb_v1r2,4,2289.0,97.33508082131935,95.78947368421052,96.73913043478261,90.0,3.669724770642202,3.7701974865350087,0.7863695937090431,0.218435998252512,0.0,2.2280471821756227,0.0,27.86885245901639,0.0,8.19672131147541,63.934426229508205
tb_v1r2,5,2077.0,97.20751083293212,100.0,95.78947368421052,91.0,4.333172845450169,4.457652303120357,0.33702455464612424,0.19258545979778527,0.0,3.8998555609051513,0.0,10.344827586206897,0.0,1.7241379310344827,87.93103448275862
tb_v1r2,6,2191.0,97.99178457325422,98.93617021276596,100.0,87.0,6.891830214513921,6.939916162086633,0.22820629849383844,3.468735737106344,0.0,2.738475581926061,0.0,9.090909090909092,0.0,4.545454545454546,81.81818181818183
tb_v1r2,7,2357.0,99.06661009758167,100.0,98.93617021276596,86.0,6.957997454391175,7.02355460385439,0.0848536274925753,0.0,0.0,1.6970725498515062,0.0,9.090909090909092,0.0,0.0,90.9090909090909
tb_v1r2,8,2368.0,97.88851351351352,97.9381443298969,100.0,86.0,6.545608108108109,6.686798964624677,0.33783783783783783,0.3800675675675676,0.0,2.1114864864864864,0.0,12.0,0.0,14.000000000000002,74.0
tb_v1r2,9,2461.0,98.61844778545307,98.9795918367347,97.9381443298969,86.0,5.201137748882568,5.274000824062629,0.3657049979683055,0.12190166598943519,0.04063388866314506,1.3815522145469321,0.0,23.52941176470588,2.941176470588235,5.88235294117647,67.64705882352942
tb_v1r2,10,2590.0,98.996138996139,100.0,98.9795918367347,84.0,4.787644787644788,4.83619344773791,0.2702702702702703,0.15444015444015444,0.0,1.196911196911197,0.0,26.923076923076923,0.0,3.8461538461538463,69.23076923076923
tb_v1r2,11,2582.0,98.33462432223082,100.0,100.0,83.0,4.686289697908598,4.726270185112249,0.2711076684740511,0.19364833462432224,0.0,1.5104570100697134,0.0,13.953488372093023,0.0,11.627906976744185,72.09302325581395
tb_v1r2,12,2082.0,97.74255523535062,98.96907216494846,100.0,95.0,13.064361191162345,13.267813267813267,0.24015369836695488,0.19212295869356388,0.1440922190201729,2.2094140249759846,0.0,10.638297872340425,0.0,6.382978723404255,78.72340425531915
tb_v1r2,13,2378.0,98.4861227922624,100.0,98.96907216494846,86.5,8.536585365853659,8.582408198121264,0.04205214465937763,0.16820857863751051,0.04205214465937763,1.6400336417157275,0.0,2.7777777777777777,2.7777777777777777,8.333333333333332,80.55555555555556
tb_v1r2,14,2585.0,98.76208897485493,96.90721649484536,100.0,82.0,4.448742746615087,4.504504504504505,0.19342359767891684,0.03868471953578336,0.0,1.276595744680851,0.0,15.625,0.0,3.125,81.25
tb_v1r2,15,2682.0,98.17300521998509,98.9795918367347,96.90721649484536,78.0,3.9149888143176734,3.987846562856058,0.22371364653243847,0.0,0.0,2.0507084265473527,0.0,10.204081632653061,0.0,0.0,89.79591836734694
tb_v1r2,16,2367.0,98.31009716941276,100.0,98.9795918367347,90.0,9.04098014364174,8.981521272024064,0.16899028305872413,0.25348542458808615,0.25348542458808615,1.309674693705112,0.0,10.0,15.0,2.5,60.0
tb_v1r2,17,2556.0,99.33489827856025,100.0,100.0,87.0,6.298904538341158,6.341079165025601,0.1564945226917058,0.0782472613458529,0.0,0.6259780907668232,0.0,23.52941176470588,0.0,11.76470588235294,64.70588235294117
tb_v1r2,18,2761.0,98.76856211517565,98.96907216494846,100.0,80.0,4.8170952553422675,4.8771543821048775,0.14487504527345166,0.07243752263672583,0.0,1.231437884824339,0.0,11.76470588235294,0.0,2.941176470588235,85.29411764705883
tb_v1r2,19,2456.0,98.45276872964169,100.0,98.96907216494846,84.0,6.0667752442996745,6.162117452440033,0.12214983713355047,0.04071661237785017,0.0,1.4657980456026058,0.0,7.894736842105263,0.0,2.631578947368421,89.47368421052632
tb_v2,1,2292.0,97.64397905759162,95.91836734693877,92.85714285714286,77.0,8.55148342059337,8.132260947274352,0.13089005235602094,0.2617801047120419,1.6143106457242582,0.34904013961605584,0.0,5.555555555555555,59.25925925925925,3.7037037037037033,5.555555555555555
tb_v2,2,3202.0,99.84384759525297,98.9795918367347,95.91836734693877,73.0,1.6552154903185508,1.6578041914294652,0.0,0.0,0.0,0.21861336664584632,0.0,0.0,0.0,0.0,100.0
tb_v2,3,3321.0,99.96988858777478,98.9795918367347,98.9795918367347,73.0,1.6561276723878349,1.6566265060240966,0.0,0.0,0.0,0.06022282445046673,0.0,0.0,0.0,0.0,100.0
tb_v2,4,3314.0,100.0,100.0,98.9795918367347,72.0,0.9957754978877489,0.9957754978877489,0.0,0.0,0.0,0.12070006035003018,0.0,,,,
tb_v2,5,3411.0,99.97068308413955,100.0,100.0,72.0,0.6742890647903841,0.6744868035190617,0.02931691586045148,0.0,0.0,0.05863383172090296,0.0,100.0,0.0,0.0,0.0
tb_v2,6,3321.0,99.96988858777478,100.0,100.0,72.0,0.8130081300813009,0.8132530120481927,0.0,0.0,0.0,0.030111412225233364,0.0,0.0,0.0,0.0,100.0
tb_v2,7,3410.0,100.0,98.9795918367347,100.0,71.0,0.7331378299120235,0.7331378299120235,0.0,0.0,0.0,0.02932551319648094,0.0,,,,
tb_v2,8,3412.0,100.0,98.9795918367347,98.9795918367347,71.0,0.8206330597889802,0.8206330597889802,0.0,0.0,0.0,0.0,0.0,,,,
v3a,1,760.0,46.71052631578947,50.0,50.0,600.0,5.131578947368421,8.450704225352112,1.0526315789473684,46.44736842105263,8.421052631578947,0.2631578947368421,0.0,1.9753086419753085,12.592592592592592,82.71604938271605,0.49382716049382713
v3a,2,721.0,49.375866851595006,50.0,50.0,600.0,0.4160887656033287,0.5617977528089888,1.1095700416088765,49.237170596393895,0.13869625520110956,0.6934812760055479,0.0,2.191780821917808,0.273972602739726,95.8904109589041,1.36986301369863
v3a,3,730.0,46.3013698630137,48.97959183673469,50.0,600.0,0.0,0.0,0.410958904109589,53.6986301369863,0.273972602739726,0.0,0.0,0.7653061224489796,0.5102040816326531,98.72448979591837,0.0
v3a,4,712.0,45.92696629213483,51.02040816326531,48.97959183673469,600.0,0.42134831460674155,0.9174311926605505,1.4044943820224718,52.6685393258427,0.42134831460674155,0.2808988764044944,0.0,2.3376623376623376,0.7792207792207793,96.36363636363636,0.5194805194805194
v3a,5,820.0,50.24390243902439,52.04081632653062,51.02040816326531,127.5,0.12195121951219512,0.24271844660194172,0.853658536585366,48.90243902439024,0.12195121951219512,0.0,0.0,1.715686274509804,0.24509803921568626,98.0392156862745,0.0
v3a,6,712.0,45.36516853932584,52.04081632653062,52.04081632653062,600.0,0.1404494382022472,0.30959752321981426,0.8426966292134831,53.65168539325843,0.1404494382022472,0.1404494382022472,0.0,1.5424164524421593,0.2570694087403599,97.94344473007712,0.2570694087403599
v3a,7,717.0,43.51464435146444,48.97959183673469,52.04081632653062,600.0,0.41841004184100417,0.9615384615384616,0.41841004184100417,56.62482566248257,0.1394700139470014,0.0,0.0,0.7407407407407408,0.24691358024691357,99.01234567901234,0.0
v3a,8,712.0,45.36516853932584,47.95918367346938,48.97959183673469,600.0,0.0,0.0,1.1235955056179776,53.65168539325843,0.2808988764044944,0.0,0.0,2.056555269922879,0.5141388174807198,97.42930591259639,0.0
v3a,9,727.0,45.667125171939475,50.0,47.95918367346938,600.0,0.0,0.0,0.0,55.02063273727648,0.2751031636863824,0.0,0.0,0.0,0.25316455696202533,99.74683544303798,0.0
v3a,10,826.0,47.57869249394673,50.0,50.0,600.0,0.12106537530266344,0.2544529262086514,0.0,53.26876513317191,0.12106537530266344,0.0,0.0,0.0,0.23094688221709006,99.76905311778292,0.0
v3a,11,734.0,50.54495912806539,51.02040816326531,50.0,172.5,0.0,0.0,0.0,50.40871934604905,0.13623978201634876,0.0,0.0,0.0,0.27548209366391185,99.72451790633609,0.0
v3a,12,728.0,47.8021978021978,50.0,51.02040816326531,600.0,0.0,0.0,0.13736263736263737,51.92307692307693,0.9615384615384616,0.0,0.0,0.2631578947368421,1.8421052631578945,97.89473684210527,0.0
v3a,13,825.0,47.63636363636364,50.526315789473685,50.0,600.0,0.0,0.0,0.0,53.090909090909086,0.0,0.0,0.0,0.0,0.0,100.0,0.0
v3c,1,667.0,48.57571214392804,62.244897959183675,29.591836734693878,600.0,19.940029985007495,27.160493827160494,9.745127436281859,9.745127436281859,29.38530734632684,1.3493253373313343,0.0,17.20116618075802,51.02040816326531,16.3265306122449,2.3323615160349855
v3c2,1,751.0,51.93075898801598,56.12244897959183,35.714285714285715,420.0,16.11185086551265,21.025641025641026,18.10918774966711,5.9920106524633825,20.505992010652463,3.3288948069241013,0.0,35.18005540166205,35.45706371191136,11.634349030470915,6.9252077562326875
v3c2,2,908.0,58.81057268722467,55.10204081632652,56.12244897959183,68.0,4.955947136563877,6.741573033707865,34.47136563876652,0.6607929515418502,5.616740088105727,0.7709251101321586,0.0,81.28342245989305,13.101604278074866,1.3368983957219251,1.8716577540106951
v3c2,3,762.0,48.031496062992126,50.0,55.10204081632652,600.0,1.968503937007874,2.73224043715847,15.354330708661418,1.4435695538057742,34.120734908136484,1.0498687664041995,0.0,29.545454545454547,64.8989898989899,2.272727272727273,2.0202020202020203
v3c2,4,768.0,47.13541666666667,47.95918367346938,50.0,600.0,1.3020833333333335,1.9337016574585635,5.078125,0.26041666666666663,47.52604166666667,0.13020833333333331,0.0,9.113300492610838,89.4088669950739,0.49261083743842365,0.24630541871921183
v3c2,5,684.0,48.099415204678365,40.816326530612244,47.95918367346938,600.0,1.3157894736842104,2.43161094224924,4.093567251461988,0.29239766081871343,48.24561403508772,0.0,0.0,7.323943661971831,92.11267605633803,0.28169014084507044,0.0
v3c2,6,778.0,46.65809768637532,47.95918367346938,40.816326530612244,600.0,1.0282776349614395,1.6528925619834711,6.169665809768637,0.12853470437017994,47.30077120822622,0.0,0.0,11.325301204819278,87.95180722891565,0.24096385542168677,0.0
v3c2,7,783.0,49.808429118773944,51.02040816326531,47.95918367346938,600.0,1.277139208173691,2.564102564102564,6.257982120051085,0.0,44.18901660280971,0.0,0.0,12.213740458015266,87.78625954198473,0.0,0.0
v3c2,8,695.0,39.71223021582734,37.755102040816325,51.02040816326531,600.0,1.4388489208633095,2.898550724637681,1.870503597122302,0.4316546762589928,58.1294964028777,0.0,0.0,3.1026252983293556,95.94272076372316,0.47732696897374705,0.0
v3c2,9,596.0,41.2751677852349,42.857142857142854,37.755102040816325,600.0,1.174496644295302,2.8455284552845526,1.5100671140939599,0.8389261744966443,56.87919463087249,0.16778523489932887,0.0,2.571428571428571,96.0,1.1428571428571428,0.2857142857142857
v3c2,10,696.0,41.52298850574713,45.91836734693878,42.857142857142854,600.0,0.8620689655172413,2.0761245674740483,1.1494252873563218,0.28735632183908044,57.327586206896555,0.28735632183908044,0.0,1.9656019656019657,97.05159705159704,0.4914004914004914,0.4914004914004914
v3c2,11,701.0,42.65335235378031,43.87755102040816,45.91836734693878,600.0,1.2838801711840229,3.0100334448160537,2.1398002853067046,0.28530670470756064,55.0641940085592,0.28530670470756064,0.0,3.731343283582089,95.27363184079603,0.4975124378109453,0.4975124378109453
v3c2,12,691.0,43.27062228654125,27.55102040816326,43.87755102040816,600.0,1.3024602026049203,2.0066889632107023,0.723589001447178,0.723589001447178,55.28219971056439,0.1447178002894356,0.0,1.2755102040816326,96.42857142857143,1.2755102040816326,0.25510204081632654
v3c3,1,674.0,40.80118694362017,54.08163265306123,25.510204081632654,600.0,11.572700296735905,17.454545454545457,0.44510385756676557,22.997032640949556,29.080118694362017,5.637982195845697,0.0,0.7518796992481203,44.11027568922306,38.095238095238095,9.523809523809524
v3c3,2,742.0,50.40431266846361,53.06122448979592,54.08163265306123,139.0,2.0215633423180592,3.4759358288770055,0.40431266846361186,37.735849056603776,4.986522911051213,6.199460916442049,0.0,0.8152173913043478,10.054347826086957,76.08695652173914,12.5
