tag,family,ck,n,succ,med_steps,succ_ge200,rec_share_of_succ,fail_coil,fail_shove,fail_thrash,fail_near,fail_far
host_p2_teacher_v1bp_ck0_20260901_215303,p2_teacher_v1bp,0,98.0,0.0,600.0,0.0,,1.0204081632653061,10.204081632653061,83.6734693877551,0.0,0.0
host_p2_teacher_v1bp_ck0_20260901_191552,p2_teacher_v1bp,0,98.0,9.183673469387756,600.0,9.0,66.66666666666666,0.0,14.606741573033707,80.89887640449437,0.0,0.0
host_tbv1r1_ck256370,tbv1r1,256370,82.0,45.1219512195122,600.0,3.0,18.91891891891892,17.77777777777778,48.888888888888886,4.444444444444445,24.444444444444443,0.0
host_tbv1r1_ck505230,tbv1r1,505230,82.0,63.41463414634146,189.5,11.0,9.615384615384617,83.33333333333334,10.0,0.0,6.666666666666667,0.0
host_topbrain_v1_ck0_20260901_203431,topbrain_v1,0,98.0,1.0204081632653061,600.0,1.0,100.0,0.0,8.24742268041237,83.50515463917526,4.123711340206185,0.0
host_topbrain_v1_ck0_20260831_160901,topbrain_v1,0,98.0,2.0408163265306123,600.0,2.0,100.0,1.0416666666666665,0.0,87.5,1.0416666666666665,0.0
host_topbrain_v1_ck1251464_20260831_115629,topbrain_v1,1251464,98.0,35.714285714285715,600.0,8.0,17.142857142857142,46.03174603174603,15.873015873015872,9.523809523809524,25.396825396825395,0.0
host_topbrain_v1_ck253934_20260831_094716,topbrain_v1,253934,98.0,57.14285714285714,495.5,24.0,16.071428571428573,7.142857142857142,61.904761904761905,0.0,26.190476190476193,0.0
host_topbrain_v1_best_checkpoint_20260831_152449,topbrain_v1,best_checkpoint,98.0,59.183673469387756,511.0,21.0,27.586206896551722,0.0,60.0,2.5,25.0,0.0
host_topbrain_v1_ck1507175_20260831_041711,topbrain_v1,1507175,96.0,65.625,141.0,11.0,17.46031746031746,93.93939393939394,0.0,3.0303030303030303,3.0303030303030303,0.0
host_topbrain_v1_ck1507175_20260831_070513,topbrain_v1,1507175,98.0,68.36734693877551,146.5,10.0,25.37313432835821,90.32258064516128,3.225806451612903,3.225806451612903,3.225806451612903,0.0
host_topbrain_v1_ck1010053_20260831_112349,topbrain_v1,1010053,98.0,75.51020408163265,77.0,5.0,21.62162162162162,33.33333333333333,4.166666666666666,50.0,12.5,0.0
host_topbrain_v1_ck506469_20260831_105211,topbrain_v1,506469,98.0,76.53061224489795,69.0,6.0,10.666666666666668,26.08695652173913,0.0,0.0,52.17391304347826,0.0
host_topbrain_v1_ck756995_20260831_091525,topbrain_v1,756995,98.0,87.75510204081633,98.5,3.0,54.65116279069767,83.33333333333334,8.333333333333332,8.333333333333332,0.0,0.0
host_topbrain_v1_ck756995_20260831_081835,topbrain_v1,756995,97.0,90.72164948453609,94.0,4.0,46.590909090909086,88.88888888888889,11.11111111111111,0.0,0.0,0.0
host_topbrain_v2_ck1501133_20260908_015543,topbrain_v2,1501133,98.0,36.734693877551024,600.0,13.0,8.333333333333332,70.96774193548387,17.741935483870968,1.6129032258064515,9.67741935483871,0.0
host_topbrain_v2_ck1002078_20260907_214914,topbrain_v2,1002078,98.0,48.97959183673469,600.0,24.0,10.416666666666668,10.0,16.0,2.0,72.0,0.0
host_topbrain_v2_ck503474_20260907_193336,topbrain_v2,503474,98.0,51.02040816326531,571.0,34.0,0.0,85.41666666666666,0.0,0.0,14.583333333333334,0.0
host_topbrain_v2_ck1501133_20260907_110849,topbrain_v2,1501133,87.0,55.172413793103445,80.0,3.0,0.0,66.66666666666666,17.94871794871795,0.0,15.384615384615385,0.0
host_topbrain_v2_ck755233_20260907_053657,topbrain_v2,755233,98.0,58.16326530612245,116.0,6.0,3.508771929824561,92.6829268292683,2.4390243902439024,2.4390243902439024,2.4390243902439024,0.0
host_topbrain_v2_ck755233_20260907_205504,topbrain_v2,755233,98.0,60.204081632653065,87.5,5.0,3.389830508474576,82.05128205128204,10.256410256410255,0.0,7.6923076923076925,0.0
host_topbrain_v2_ck2001807_20260908_054146,topbrain_v2,2001807,98.0,62.244897959183675,304.0,16.0,22.950819672131146,29.72972972972973,27.027027027027028,5.405405405405405,37.83783783783784,0.0
host_topbrain_v2_ck1255725_20260908_000610,topbrain_v2,1255725,98.0,67.3469387755102,151.5,16.0,4.545454545454546,62.5,9.375,0.0,28.125,0.0
host_topbrain_v2_ck257466_20260907_183918,topbrain_v2,257466,98.0,67.3469387755102,74.0,4.0,7.575757575757576,78.125,18.75,0.0,3.125,0.0
host_topbrain_v2_ck1501133_20260907_080200,topbrain_v2,1501133,97.0,72.16494845360825,67.0,4.0,2.857142857142857,74.07407407407408,7.4074074074074066,3.7037037037037033,14.814814814814813,0.0
host_topbrain_v2_ck1751101_20260908_041631,topbrain_v2,1751101,98.0,72.44897959183673,233.0,23.0,8.450704225352112,51.85185185185185,11.11111111111111,3.7037037037037033,29.629629629629626,0.0
host_topbrain_v2_best_checkpoint_20260908_073801,topbrain_v2,best_checkpoint,98.0,74.48979591836735,103.5,18.0,23.28767123287671,4.0,20.0,12.0,64.0,0.0
host_topbrain_v3_ck1752049_20260908_203358,topbrain_v3,1752049,72.0,75.0,122.0,13.0,24.074074074074073,5.555555555555555,0.0,27.77777777777778,55.55555555555556,0.0
host_topbrain_v3_ck1752049_20260908_184204,topbrain_v3,1752049,97.0,79.38144329896907,74.0,16.0,12.987012987012985,35.0,10.0,0.0,50.0,0.0
host_topbrain_v3_ck1502006_20260908_173514,topbrain_v3,1502006,98.0,79.59183673469387,102.0,13.0,14.102564102564102,60.0,0.0,5.0,35.0,0.0
host_topbrain_v3_ck756872_20260908_161717,topbrain_v3,756872,98.0,81.63265306122449,60.5,2.0,5.0,16.666666666666664,44.44444444444444,16.666666666666664,22.22222222222222,0.0
host_topbrain_v3_ck1002606_20260908_163751,topbrain_v3,1002606,98.0,86.73469387755102,66.5,14.0,10.588235294117647,30.76923076923077,7.6923076923076925,15.384615384615385,46.15384615384615,0.0
host_topbrain_v3_ck1256323_20260908_165015,topbrain_v3,1256323,98.0,91.83673469387756,118.0,29.0,14.444444444444443,50.0,0.0,12.5,25.0,0.0
host_topbrain_v3_ck504695_20260908_160801,topbrain_v3,504695,98.0,94.89795918367348,57.0,3.0,10.75268817204301,20.0,80.0,0.0,0.0,0.0
host_topbrain_v3_ck256854_20260908_160020,topbrain_v3,256854,98.0,98.9795918367347,55.0,9.0,8.24742268041237,0.0,100.0,0.0,0.0,0.0
host_v1bp_H0,v1bp,H0,82.0,29.268292682926827,600.0,24.0,0.0,41.37931034482759,0.0,31.03448275862069,0.0,0.0
host_v1bp_ck514264,v1bp,514264,82.0,69.51219512195121,281.0,20.0,15.789473684210526,8.0,32.0,0.0,52.0,0.0
host_v1bp_ck2002292,v1bp,2002292,82.0,74.39024390243902,93.5,11.0,19.672131147540984,19.047619047619047,52.38095238095239,28.57142857142857,0.0,0.0
tb22_v1bp_ck2002292,,,204.0,74.50980392156863,103.5,37.0,17.105263157894736,17.307692307692307,25.0,44.230769230769226,7.6923076923076925,0.0
