seed,car_best_host,proc_on_host,succ_phase,fail_phase,rec_share,cathled_share,medT,mesh,cls,min_strong,spread_strong
900000,1.0,1.0,free-run,,0.5,0.0,81.0,s1020043290g0,easy,1.0,0.0
900002,1.0,1.0,cath-led-run,,0.0,1.0,37.0,s646285556g0,easy,1.0,0.0
900003,1.0,1.0,deep-recovery,,1.0,0.0,274.0,s362260794g0,easy,1.0,0.0
900004,1.0,1.0,light-recovery,,0.75,0.0,197.0,s1186725438g0,easy,1.0,0.0
900006,1.0,1.0,deep-recovery,,1.0,0.0,381.0,s2131103049g0,easy,1.0,0.0
900008,1.0,1.0,cath-led-run,,0.0,1.0,25.0,s1135134341g0,easy,1.0,0.0
900010,1.0,1.0,fight-escaped-near,,1.0,0.0,236.0,s733528875g0,easy,1.0,0.0
900011,1.0,1.0,light-recovery,,0.5,0.5,52.5,s72041879g0,easy,1.0,0.0
900016,1.0,1.0,light-recovery,,0.75,0.0,121.5,s1655387862g0,easy,1.0,0.0
900017,1.0,1.0,deep-recovery,,0.75,0.0,283.5,s2063245862g0,easy,1.0,0.0
900018,1.0,1.0,light-recovery,,0.75,0.0,186.0,s857688274g0,easy,1.0,0.0
900022,1.0,1.0,deep-recovery,,0.75,0.25,335.5,s994316221g0,easy,1.0,0.0
900023,1.0,1.0,light-recovery,,1.0,0.0,179.0,s1807589001g0,easy,1.0,0.0
900025,1.0,1.0,deep-recovery,,0.75,0.25,411.0,s823409318g0,easy,1.0,0.0
900026,1.0,1.0,cath-led-run,,0.0,1.0,36.0,s120813388g0,easy,1.0,0.0
900032,1.0,1.0,cath-led-run,,0.0,1.0,33.5,s1955884022g0,easy,1.0,0.0
900034,1.0,1.0,deep-recovery,,0.75,0.25,385.0,s2025016814g0,easy,1.0,0.0
900036,1.0,1.0,deep-recovery,,0.5,0.25,66.0,s719222618g0,easy,1.0,0.0
900038,1.0,1.0,light-recovery,,1.0,0.0,283.5,s1698373068g0,easy,1.0,0.0
900040,1.0,1.0,cath-led-run,,0.0,1.0,28.0,s1050921583g0,easy,1.0,0.0
900041,1.0,1.0,cath-led-run,,0.25,0.75,33.5,s432477991g0,easy,1.0,0.0
900043,1.0,1.0,light-recovery,,1.0,0.0,458.5,s1898654069g0,easy,1.0,0.0
900044,1.0,1.0,light-recovery,,1.0,0.0,303.0,s846931706g0,easy,1.0,0.0
900046,1.0,1.0,fight-escaped-near,,0.5,0.25,138.0,s791572010g0,easy,1.0,0.0
900049,1.0,1.0,light-recovery,,1.0,0.0,175.5,s710276575g0,easy,1.0,0.0
900052,1.0,1.0,cath-led-run,,0.5,0.5,68.5,s436059836g0,easy,1.0,0.0
900054,1.0,1.0,deep-recovery,,1.0,0.0,144.5,s514338283g0,easy,1.0,0.0
900055,1.0,1.0,light-recovery,,1.0,0.0,81.0,s905047548g0,easy,1.0,0.0
900056,1.0,1.0,free-run,,0.5,0.25,222.0,s940613720g0,easy,1.0,0.0
900057,1.0,1.0,fight-escaped-near,,1.0,0.0,193.0,s800887222g0,easy,1.0,0.0
900058,1.0,1.0,cath-led-run,,0.0,0.75,37.0,s289926302g0,easy,1.0,0.0
900059,1.0,1.0,free-run,,0.25,0.25,89.5,s507949858g0,easy,1.0,0.0
900060,1.0,1.0,cath-led-run,,0.0,0.75,35.0,s6654449g0,easy,1.0,0.0
900064,1.0,1.0,deep-recovery,,0.5,0.25,119.5,s1795658739g0,easy,1.0,0.0
900066,1.0,1.0,cath-led-run,,0.5,0.5,40.0,s767506430g0,easy,1.0,0.0
900067,1.0,1.0,cath-led-run,,0.0,1.0,24.5,s1701875257g0,easy,1.0,0.0
900070,1.0,1.0,fight-escaped-near,,1.0,0.0,209.0,s401951954g0,easy,1.0,0.0
900073,1.0,1.0,cath-led-run,,0.5,0.5,106.0,s1771697106g0,easy,1.0,0.0
900075,1.0,1.0,cath-led-run,,0.5,0.5,65.5,s729849510g0,easy,1.0,0.0
900078,1.0,1.0,deep-recovery,,1.0,0.0,302.0,s69864492g0,easy,1.0,0.0
900081,1.0,1.0,cath-led-run,,0.0,1.0,26.5,s1272664565g0,easy,1.0,0.0
900084,1.0,1.0,cath-led-run,,0.0,1.0,24.0,s1838896344g0,easy,1.0,0.0
900088,1.0,1.0,light-recovery,,0.75,0.25,106.0,s678523767g0,easy,1.0,0.0
900095,1.0,1.0,free-run,,0.0,0.5,39.0,s431543766g0,easy,1.0,0.0
900069,0.3333333333333333,0.0,light-recovery,stuck-midpath,1.0,0.0,601.0,s19148103g0,frontier,0.3333333333333333,0.0
900077,0.3333333333333333,0.0,deep-recovery,doorstep-stall,1.0,0.0,601.0,s1097759322g0,frontier,0.3333333333333333,0.0
900090,0.3333333333333333,0.0,fight-escaped-near,stuck-midpath,1.0,0.0,601.0,s1284136373g0,frontier,0.3333333333333333,0.0
900009,0.6666666666666666,0.0,fight-escaped-near,doorstep-stall,0.5,0.0,514.5,s262217262g0,frontier,0.6666666666666666,0.0
900012,0.6666666666666666,0.0,fight-escaped-near,stuck-midpath,1.0,0.0,403.5,s324135477g0,frontier,0.6666666666666666,0.0
900035,0.6666666666666666,0.0,fight-escaped-near,stuck-midpath,1.0,0.0,490.5,s1887051287g0,frontier,0.6666666666666666,0.0
900039,0.6666666666666666,0.0,cath-led-run,doorstep-stall,0.5,0.5,345.5,s202265828g0,frontier,0.6666666666666666,0.0
900048,0.6666666666666666,0.0,fight-escaped-near,stuck-midpath,1.0,0.0,493.5,s1268534349g0,frontier,0.6666666666666666,0.0
900053,0.6666666666666666,0.0,fight-escaped-near,fight-escaped-near,1.0,0.0,462.0,s666874983g0,frontier,0.6666666666666666,0.0
900061,0.6666666666666666,1.0,deep-recovery,shove-capped,1.0,0.0,89.0,s1357272110g0,frontier,0.6666666666666666,0.0
900068,0.6666666666666666,0.0,free-run,doorstep-stall,0.5,0.0,405.0,s871533636g0,frontier,0.6666666666666666,0.0
900074,0.6666666666666666,0.0,fight-escaped-near,doorstep-stall,1.0,0.0,418.5,s704111850g0,frontier,0.6666666666666666,0.0
900076,0.6666666666666666,0.0,fight-escaped-near,stuck-midpath,1.0,0.0,446.0,s160821144g0,frontier,0.6666666666666666,0.0
900089,0.6666666666666666,0.0,fight-escaped-near,doorstep-stall,1.0,0.0,421.5,s501147810g0,frontier,0.6666666666666666,0.0
900094,0.6666666666666666,1.0,fight-escaped-near,stuck-midpath,0.6666666666666666,0.3333333333333333,188.5,s1097265140g0,frontier,0.6666666666666666,0.0
900001,1.0,0.0,fight-escaped-near,cath-led-run,1.0,0.0,290.0,s1563758547g0,strength,1.0,0.0
900005,1.0,0.0,deep-recovery,stuck-midpath,1.0,0.0,549.0,s56786124g0,strength,1.0,0.0
900007,1.0,0.0,light-recovery,stuck-midpath,0.6666666666666666,0.0,189.5,s1875621913g0,strength,1.0,0.0
900013,1.0,0.0,light-recovery,stuck-midpath,1.0,0.0,373.5,s89051603g0,strength,1.0,0.0
900014,1.0,0.0,light-recovery,stuck-midpath,1.0,0.0,118.0,s1631463350g0,strength,1.0,0.0
900015,1.0,0.0,fight-escaped-near,stuck-midpath,1.0,0.0,237.0,s1188724579g0,strength,1.0,0.0
900019,1.0,0.0,fight-escaped-near,deep-recovery,1.0,0.0,314.0,s1894111997g0,strength,1.0,0.0
900020,1.0,0.0,fight-escaped-near,cath-led-run,1.0,0.0,265.0,s8844972g0,strength,1.0,0.0
900021,1.0,0.0,light-recovery,stuck-midpath,0.6666666666666666,0.0,172.5,s1905292856g0,strength,1.0,0.0
900024,1.0,0.0,fight-escaped-near,stuck-midpath,1.0,0.0,217.5,s1347551054g0,strength,1.0,0.0
900027,1.0,0.0,fight-escaped-near,stuck-midpath,0.6666666666666666,0.3333333333333333,204.0,s54421594g0,strength,1.0,0.0
900028,1.0,0.0,light-recovery,stuck-midpath,0.6666666666666666,0.0,128.5,s1817049148g0,strength,1.0,0.0
900029,1.0,0.0,fight-escaped-near,cath-led-run,1.0,0.0,218.0,s779366404g0,strength,1.0,0.0
900030,1.0,0.0,fight-escaped-near,cath-led-run,1.0,0.0,269.5,s487386244g0,strength,1.0,0.0
900031,1.0,0.0,fight-escaped-near,stuck-midpath,1.0,0.0,186.5,s47544376g0,strength,1.0,0.0
900033,1.0,0.0,fight-escaped-near,stuck-midpath,1.0,0.0,202.5,s820931024g0,strength,1.0,0.0
900037,1.0,0.0,fight-escaped-near,stuck-midpath,1.0,0.0,223.0,s609316899g0,strength,1.0,0.0
900042,1.0,0.0,fight-escaped-near,cath-led-run,1.0,0.0,214.0,s928082491g0,strength,1.0,0.0
900045,1.0,0.0,fight-escaped-near,stuck-midpath,1.0,0.0,322.0,s1009872855g0,strength,1.0,0.0
900047,1.0,0.0,fight-escaped-near,stuck-midpath,1.0,0.0,187.0,s195812797g0,strength,1.0,0.0
900050,1.0,0.0,deep-recovery,light-recovery,1.0,0.0,173.0,s221841882g0,strength,1.0,0.0
900051,1.0,0.0,fight-escaped-near,stuck-midpath,1.0,0.0,190.0,s1703362320g0,strength,1.0,0.0
900062,1.0,0.0,fight-escaped-near,cath-led-run,1.0,0.0,322.0,s950258454g0,strength,1.0,0.0
900063,1.0,0.0,deep-recovery,shove-capped,1.0,0.0,346.5,s2032161815g0,strength,1.0,0.0
900065,1.0,0.0,fight-escaped-near,stuck-midpath,1.0,0.0,234.5,s542976952g0,strength,1.0,0.0
900071,1.0,0.0,deep-recovery,deep-recovery,1.0,0.0,157.5,s381803629g0,strength,1.0,0.0
900072,1.0,0.0,deep-recovery,stuck-midpath,1.0,0.0,184.0,s441416739g0,strength,1.0,0.0
900079,1.0,0.0,light-recovery,stuck-midpath,1.0,0.0,145.0,s1678765422g0,strength,1.0,0.0
900080,1.0,0.0,light-recovery,stuck-midpath,1.0,0.0,164.0,s1574836522g0,strength,1.0,0.0
900082,1.0,0.0,fight-escaped-near,shove-capped,0.6666666666666666,0.0,371.0,s1195408531g0,strength,1.0,0.0
900083,1.0,0.0,light-recovery,deep-recovery,1.0,0.0,184.0,s164799107g0,strength,1.0,0.0
900085,1.0,0.0,deep-recovery,stuck-midpath,1.0,0.0,155.0,s1272475282g0,strength,1.0,0.0
900086,1.0,0.0,fight-escaped-near,cath-led-run,1.0,0.0,278.5,s2035662364g0,strength,1.0,0.0
900087,1.0,0.0,fight-escaped-near,light-recovery,1.0,0.0,309.0,s1020378381g0,strength,1.0,0.0
900091,1.0,0.0,light-recovery,stuck-midpath,0.6666666666666666,0.3333333333333333,169.5,s875903860g0,strength,1.0,0.0
900092,1.0,0.0,deep-recovery,stuck-midpath,1.0,0.0,188.5,s639028767g0,strength,1.0,0.0
900093,1.0,0.0,fight-escaped-near,stuck-midpath,1.0,0.0,223.5,s1916065718g0,strength,1.0,0.0
900096,1.0,0.0,light-recovery,cath-led-run,1.0,0.0,211.5,s310660349g0,strength,1.0,0.0
900097,1.0,0.0,fight-escaped-near,shove-capped,1.0,0.0,259.5,s1408628064g0,strength,1.0,0.0
